"id","backers","parentCat","duration","goal","raised","faqs","comments","description.length"
1,0,"Publishing",30.04166667,4000,0,0,0,2780
2,874,"Publishing",60,80000,85750.05,0,142,8230
3,2505,"Games",30,8000,49574.14,4,193,3418
4,38,"Publishing",60.78547454,8133,8142,1,0,2294
5,90,"Film & Video",31.08771991,5000,5480,0,11,2067
6,43,"Music",45.37118056,4500,5110,0,6,3272
7,149,"Games",29.95833333,3500,18988,0,153,9215
8,34,"Photography",30.04166667,1500,2008,1,1,2163
9,26,"Publishing",55.63295139,1000,1000,1,0,3065
10,63,"Film & Video",29.95833333,6000,6055.24,0,5,3111
11,2,"Music",59.68611111,2000,35,0,0,361
12,19,"Music",36.43224537,1300,1340,0,0,3171
13,78,"Publishing",20.04166667,7300,5107,0,0,1663
14,6,"Games",29.95833333,1500,1651,0,1,3005
15,236,"Games",30.04166667,350,6732.5,0,44,24417
16,54,"Art",30,860,1383,5,15,3620
17,32,"Photography",25,2400,2400,0,0,2040
18,17,"Food",29.95833333,2500,2590,0,3,1747
19,251,"Publishing",32,9000,9499.23,2,6,2459
20,259,"Publishing",30,7500,11391,0,25,1747
21,25,"Art",30,1000,1066,0,0,2431
22,20,"Film & Video",21,2500,2510,0,0,4792
23,405,"Film & Video",30,35000,37900,0,52,4594
24,376,"Design",30,12570,14103,8,37,14109
25,22,"Film & Video",30.04166667,25000,1965,0,0,6096
26,3,"Music",27.05321759,2000,60,0,0,3476
27,9,"Film & Video",30.04166667,2000,375,0,0,2985
28,10,"Theater",27.25565972,1600,755,0,1,814
29,4,"Film & Video",60.04166667,4000,88,0,0,13669
30,15,"Music",35.04166667,25000,1179,0,0,18813
31,7,"Film & Video",30.04166667,7000,205,0,0,10811
32,3,"Film & Video",31.38299769,2500,1500,0,0,3095
33,174,"Music",55,55000,55230.45,0,9,5059
34,391,"Publishing",60,40000,42819,1,31,11974
35,46,"Comics",30,600,973.08,0,5,1827
36,18,"Film & Video",45,1500,2180,7,2,1756
37,59,"Film & Video",36.40927083,30000,3406,0,0,7755
38,377,"Technology",30.04166667,1100,15023.45,4,22,4248
39,243,"Publishing",30.30474537,20000,12541,3,4,3553
40,495,"Comics",30.29282407,20000,21422.99,0,9,3652
41,51,"Publishing",32.98056713,26000,3660.2,0,0,5838
42,23,"Games",49.443125,12000,1288,0,0,4184
43,103,"Film & Video",41.5375,250000,11051,1,1,5086
44,283,"Film & Video",38.32744213,1e+05,66281,0,7,8022
45,18,"Games",16.04166667,666,534,0,0,3342
46,18,"Comics",30,1000,750,0,0,3367
47,202,"Film & Video",29.78248843,50000,17653.12,11,2,11820
48,114,"Art",60,10000,10681,3,3,1805
49,0,"Music",35,5000,0,0,0,596
50,248,"Games",32,2400,7960,0,22,4999
51,1,"Design",28.09075231,3800,5,0,0,2283
52,2639,"Games",37.5346875,9000,82499.83,7,975,7664
53,0,"Film & Video",30,7000,0,0,0,762
54,13,"Games",30.04166667,30000,554,0,1,3819
55,0,"Music",60.04166667,10000,0,0,0,1708
56,107,"Photography",30.04166667,11000,9646.5,1,2,4726
57,1,"Music",30,5000,10,0,0,2142
58,32,"Music",40.04166667,1000,1140,0,0,3260
59,101,"Art",25,7500,8148.23,9,7,3229
60,38,"Music",30,800,926,0,0,333
61,0,"Photography",30.04166667,6500,0,0,0,1230
62,26,"Games",30,4000,4011,0,11,5209
63,101,"Art",16,5000,5103,0,7,2300
64,0,"Music",30.04166667,25000,0,0,0,38
65,41,"Music",30,1600,1923,0,2,2556
66,50,"Music",25,7500,9395,3,1,1034
67,87,"Film & Video",60,5000,5300,5,0,2516
68,27,"Publishing",30.04166667,2500,1512,0,5,1775
69,3,"Publishing",30,5000,112,0,0,4069
70,1,"Publishing",30.04166667,5000,50,0,0,1677
71,10,"Fashion",14.04166667,1200,525,0,0,601
72,373,"Music",60,20000,33791,0,122,3437
73,32,"Film & Video",60.04166667,1e+05,2295,0,3,2725
74,47,"Film & Video",29.40359954,3500,3864,0,6,6274
75,2,"Film & Video",60.04166667,250000,46,0,0,7502
76,3,"Theater",30.605625,25500,100,0,0,9767
77,109,"Music",34.95833333,5000,5415.26,0,0,1986
78,13,"Comics",30,500,1187,5,2,1727
79,70,"Art",20,3400,3985,0,0,2319
80,156,"Design",28.45836806,19000,19555,0,6,7273
81,2786,"Technology",45,49999,138433.01,0,339,10736
82,208,"Games",30.04166667,12800,35331.44,6,810,4602
83,323,"Art",32.83609954,500,3783,2,12,1267
84,50,"Design",31.40326389,5000,5883,2,0,7195
85,42,"Film & Video",30,3000,824,0,1,6070
86,41,"Design",31.74061343,13500,1787,1,4,2625
87,112,"Theater",15.04166667,1400,1954,0,0,756
88,16,"Music",30.36539352,8200,565,0,0,4063
89,42,"Music",33.04166667,17000,9432,0,0,3255
90,16,"Fashion",26.19892361,25000,1477,1,0,3067
91,95,"Film & Video",43.10115741,9000,5612,0,1,6969
92,10,"Art",30.04166667,4150,711,0,0,1981
93,0,"Film & Video",30.04166667,25000,0,0,0,994
94,53,"Music",31,3000,3971,0,0,801
95,6,"Music",28.41694444,600,110,0,0,775
96,16,"Music",60.04166667,1500,920,0,0,1669
97,461,"Games",30,15000,21054,0,74,5647
98,409,"Music",22.29114583,10000,30593.02,0,109,2415
99,63,"Comics",29.9990625,2000,4011,0,7,3687
100,39,"Music",30,1500,1515.08,0,0,3693
101,83,"Music",60,10000,10865,0,1,2722
102,135,"Music",30,7500,10387,0,23,2153
103,62,"Games",39.39840278,3000,4281,4,12,3904
104,152,"Music",43.11451389,12000,12610,2,0,6263
105,2,"Music",90.77560185,1e+05,20,0,0,1839
106,28,"Publishing",17.05521991,850,943,0,1,3697
107,0,"Games",54.04166667,17600,0,0,0,1106
108,34,"Music",38.1987963,550,880,0,0,2180
109,57,"Film & Video",4.50880787,2500,5250.01,0,0,2828
110,127,"Music",60,10000,10680,0,3,7947
111,31,"Art",40,1500,1625,0,1,2581
112,10,"Food",31,500,571,0,0,1723
113,21,"Film & Video",30,1000,1565,0,1,637
114,21,"Theater",30,2000,3080.69,0,0,1893
115,69,"Music",21,1850,2770,0,1,1922
116,19,"Theater",21,1200,1961,0,0,3514
117,14,"Theater",30,1200,1226,0,0,1934
118,22,"Publishing",30,1500,1995.07,0,0,1596
119,38,"Film & Video",19.1703588,1500,2050,0,1,576
120,23,"Film & Video",59.12878472,6500,655,0,0,2620
121,78,"Music",21.63387731,2011,2155.66,0,3,1762
122,21,"Music",50.04166667,1000,1462,0,0,2673
123,148,"Music",60,8000,8135,0,19,2495
124,4,"Fashion",30.04166667,16000,190,0,2,4879
125,24,"Music",60,550,622,0,4,544
126,95,"Music",30,10000,11076,0,3,1385
127,33,"Film & Video",30,1200,1275,2,7,3404
128,24,"Film & Video",24.0349537,1000,1035,0,3,3194
129,39,"Music",32.00943287,999,1005,0,0,2920
130,51,"Theater",30.12581019,2500,2800,0,3,1917
131,52,"Theater",30.5875,2012,2132,3,10,2395
132,89,"Music",28.04166667,8000,5127.01,0,0,2367
133,12,"Music",30.04166667,1000,455,0,0,1352
134,29,"Music",19.27341435,3000,965,0,0,6759
135,7,"Music",31.21243056,1000,420,0,0,598
136,15,"Music",26.90784722,10000,2420,0,2,3477
137,19,"Music",30.04166667,4000,4000,0,0,3122
138,18,"Music",35.5937963,23600,1142,0,0,6080
139,2,"Music",30.04166667,3000,11,3,0,355
140,7,"Music",33.04166667,8000,315,0,0,1873
141,41,"Music",30,7000,7135,0,1,1304
142,38,"Music",30.04166667,12000,3088,0,1,6609
143,89,"Technology",30.04166667,135000,37377,9,2,301
144,483,"Music",30,25000,32000.86,0,13,7569
145,158,"Film & Video",60,2000,4262.01,0,1,4233
146,8,"Comics",30.04166667,15000,160,0,4,6767
147,8,"Music",73.06417824,300,300,0,2,875
148,19,"Publishing",30.04166667,1600,484,0,0,2104
149,21,"Music",30,750,805,0,0,805
150,30,"Art",51.66694444,4000,4070,0,2,769
151,53,"Photography",89.94344907,11000,11000,0,9,2099
152,67,"Music",40.52209491,5000,5010,0,2,2300
153,111,"Film & Video",30,20000,20500,0,0,5433
154,14,"Film & Video",30.1375,1000,1101,0,0,724
155,57,"Comics",29.44586806,8000,8298,0,8,1541
156,16,"Photography",30.28578704,30000,667.5,0,0,1518
157,4,"Photography",31.04166667,3500,225,2,0,4450
158,139,"Design",30.04166667,30000,12129,9,3,5398
159,9,"Film & Video",21.8712963,10725,415,0,0,996
160,96,"Art",51.2271875,6500,4075,0,0,2548
161,14,"Publishing",24.30586806,1500,625,3,0,6973
162,1,"Food",41.93047454,25745,10,0,0,1990
163,25,"Music",48.92559028,2000,627,2,3,646
164,23,"Film & Video",30.04166667,10000,2615,2,2,4524
165,17,"Film & Video",60.04166667,25000,1355,0,4,4411
166,53,"Photography",30.04166667,45235,4430.69,1,3,2654
167,185,"Games",31.0080787,3500,5474,0,8,12921
168,21,"Film & Video",30.04166667,2500,862,1,1,2296
169,226,"Games",34.04166667,14900,11010.5,2,6,8929
170,89,"Film & Video",30.04166667,80000,3834,0,14,1695
171,101,"Technology",30.04166667,50000,1871,2,6,9515
172,382,"Games",43.83197917,1e+05,21118,14,92,15049
173,30,"Games",33.04166667,6000,1227,1,9,7814
174,137,"Film & Video",45.04166667,13875,9400,7,8,7508
175,456,"Games",40.04166667,10000,21878.5,2,53,10158
176,628,"Film & Video",30.04166667,3e+05,69222.33,0,12,3413
177,414,"Film & Video",60.04166667,20000,20923,2,97,4921
178,425,"Games",45.04166667,12000,23045.66,3,19,6169
179,98,"Comics",25.35912037,5000,5513,0,4,1841
180,7,"Games",45.04166667,1e+05,1350,0,0,5376
181,48,"Film & Video",45,3000,3460,0,3,1528
182,106,"Film & Video",29.88155093,3000,6411.67,2,1,2041
183,135,"Film & Video",42.04158565,6091,6194.89,0,8,3930
184,3,"Art",40.92824074,18000,32,0,0,1490
185,1,"Dance",21,200,25,5,0,2056
186,21,"Music",18.42040509,600,675,0,0,707
187,8,"Publishing",31.56137731,10000,487,0,3,10267
188,62,"Music",36.33783565,30000,8054,0,4,3747
189,9,"Film & Video",30.04166667,5000,800,0,0,2989
190,18,"Food",30.67144676,10000,1050,0,0,3925
191,22,"Fashion",30.04166667,8600,1230,0,0,2857
192,72,"Food",37.49450231,175000,7280,0,0,6186
193,5694,"Technology",30,250000,1209423.15,19,1229,11108
194,8,"Film & Video",41.42332176,250,340,0,2,1053
195,17,"Music",38.10908565,300,645,1,3,740
196,79,"Music",30,2000,2240.6,2,0,836
197,42,"Music",29.07412037,3000,3230,0,3,1507
198,973,"Publishing",34.3528588,33333.33,37626.81,3,58,6281
199,6,"Games",30.04166667,2500,60,7,0,2311
200,59,"Art",30.04166667,10000,8675,0,0,4304
201,20,"Games",30.04166667,1e+05,1846,0,1,3746
202,22,"Food",30.04166667,20000,2450,0,1,5773
203,3,"Food",37.05021991,25000,95,0,0,869
204,1,"Publishing",30.04166667,3300,5,0,0,4734
205,3,"Games",30.04166667,44000,70,0,0,3045
206,2,"Film & Video",19.36142361,3000,50,0,0,6395
207,275,"Design",39.29601852,15000,13563.6,1,20,1678
208,24,"Film & Video",32.59555556,15000,1207,0,0,4151
209,222,"Publishing",21.04166667,1600,4332.5,2,2,4764
210,113,"Music",36.2150463,7500,6424,0,1,3769
211,79,"Music",17.1972338,8000,5657,0,2,1390
212,82,"Design",20.8634375,35000,7404,2,9,9088
213,38,"Technology",30.04166667,1500,1555,0,5,2787
214,49,"Music",30.04166667,1700,1790,0,0,2902
215,1729,"Film & Video",15,15000,46578.07,4,62,1760
216,18,"Design",45.04166667,1e+05,1966,0,6,11466
217,4965,"Technology",30,750000,898921.03,12,1160,15272
218,12,"Film & Video",29.12924769,4500,862,0,0,1200
219,2,"Music",30.04166667,3000,70,0,0,483
220,22,"Music",24.30804398,700,485,0,0,1511
221,112,"Film & Video",29.96648148,3700,4668,0,4,1988
222,6,"Music",59.53803241,1000,115,0,0,2803
223,13,"Music",8.895902778,500,500.47,1,0,1554
224,88,"Publishing",34.19421296,4400,5202,1,5,5174
225,46,"Music",31,11000,11311,0,0,1998
226,5,"Publishing",21.85780093,400,401,0,2,1135
227,67,"Theater",35,7500,8315,0,6,12499
228,10,"Film & Video",51,2250,2250,0,0,3462
229,26,"Theater",30,2700,2741,0,0,1306
230,121,"Film & Video",30,20000,33501,0,4,4243
231,35,"Publishing",59.3221412,3000,3130,0,2,1312
232,23,"Film & Video",7.982430556,2000,2890,0,0,1901
233,7,"Film & Video",60.04166667,8000,640,0,0,2700
234,35,"Music",37.39836806,2000,2520,0,1,6373
235,4,"Publishing",30.04166667,10000,270,0,0,16962
236,79,"Fashion",30,4600,5111.5,0,6,4881
237,279,"Music",60.54116898,3800,13126.07,0,88,2184
238,46,"Publishing",59.95833333,1200,2331.11,0,0,4312
239,84,"Music",36,5000,5122.02,0,10,2028
240,106,"Film & Video",45,9000,15025,0,0,1223
241,111,"Film & Video",45.04166667,5000,5570,3,8,2254
242,139,"Film & Video",45,15000,15487,7,4,3245
243,224,"Design",30.34480324,10000,10580,0,50,3043
244,45,"Film & Video",42.41122685,10000,10335,0,4,3926
245,478,"Design",33,4000,10750,3,17,5791
246,2327,"Design",60.03989583,20000,106072.01,1,650,2500
247,10,"Film & Video",60,1500,1525,3,1,2569
248,2,"Publishing",30,8500,10,0,0,745
249,0,"Film & Video",29.5178588,1000,0,0,0,3770
250,0,"Publishing",34.02255787,12500,0,0,0,2554
251,274,"Design",38.38603009,11500,12808,0,21,3835
252,51,"Art",40,3888.88,3962,4,1,1622
253,9,"Publishing",30,10000,1294,0,2,1236
254,53,"Film & Video",33.55857639,20000,4114,0,0,2341
255,2,"Film & Video",30.46378472,1100,50,0,0,2761
256,82,"Comics",30.04166667,6000,3416,0,1,2901
257,0,"Fashion",30.04166667,7500,0,0,0,1213
258,97,"Film & Video",30.04166667,10000,7248,0,0,4853
259,7,"Film & Video",30.05050926,2000,315,0,0,1270
260,15,"Publishing",44.73512731,500,410,1,0,901
261,0,"Publishing",57.96099537,1500,0,0,0,2658
262,2,"Games",30,500,51,0,0,1368
263,12,"Film & Video",46.1015162,1400,555,0,0,1308
264,103,"Music",29.88545139,5000,5290.5,5,2,2650
265,9,"Publishing",45.04166667,10500,516.21,0,0,2293
266,1,"Theater",30.04166667,550,50,0,0,999
267,216,"Design",30,10000,26823,0,92,1004
268,49,"Food",30.47938657,35000,9296,10,2,13895
269,144,"Film & Video",60,16000,17097,0,6,1191
270,74,"Film & Video",45,5000,5226.26,0,2,2301
271,36,"Film & Video",30,2000,2580,0,1,1379
272,103,"Design",30,700,5024,7,68,1527
273,58,"Art",57.56180556,2000,2388.01,0,1,2892
274,19,"Theater",36.46795139,700,712,0,2,1761
275,20,"Art",23.76005787,1575,1705,0,0,2177
276,28,"Food",29.97715278,2500,2580,0,2,2177
277,132,"Games",29.95833333,1080,4061,1,0,4991
278,45,"Film & Video",39.09862269,3500,4095,0,4,1802
279,138,"Design",29.12554398,40000,31370,6,24,7120
280,4,"Design",30.04166667,1e+06,949,0,0,4235
281,1882,"Design",60,25000,63457.52,5,324,3537
282,4,"Film & Video",35.04166667,14857,210,0,0,2695
283,22,"Film & Video",60,1000,1000,0,7,3159
284,13,"Music",8.165787037,175,335,0,0,545
285,96,"Film & Video",60,3000,3841,1,5,1110
286,96,"Technology",30,7500,12077.7,0,73,6270
287,52,"Film & Video",45,2500,2621,0,0,1572
288,176,"Film & Video",47.17196759,15000,15211.9,0,22,5629
289,116,"Film & Video",51,11111.11,11551,0,5,6747
290,51,"Film & Video",30,6000,7050,0,0,2519
291,2,"Theater",19.19502315,4500,26,0,0,496
292,0,"Film & Video",20.04166667,10000,0,17,0,4166
293,22,"Film & Video",21.21321759,16000,1800,0,2,4064
294,6,"Art",37.93875,14500,705,0,0,911
295,62,"Publishing",35.04166667,5000,3097,2,43,7985
296,96,"Film & Video",30.04166667,25000,11717.99,0,3,5855
297,3,"Publishing",30.04166667,1000,175,0,0,3480
298,5,"Design",28.42239583,1000,440,0,0,1233
299,1,"Dance",14.50248843,5000,50,0,0,1882
300,135,"Art",30.04166667,25000,12905,0,0,4979
301,12,"Publishing",21.04166667,2500,685,0,0,1687
302,6,"Art",16.11350694,250,260,0,0,5920
303,7,"Music",20.04166667,9900,1620,0,0,1169
304,22,"Comics",31,1500,1261,0,0,21196
305,6,"Film & Video",58.41094907,5000,130,0,0,8394
306,19,"Games",34.04166667,10000,240.66,1,2,6477
307,11,"Music",20.04166667,2000,420,0,0,976
308,1,"Film & Video",30.04166667,6500,10,0,0,376
309,0,"Games",30.04166667,9000,0,0,0,1889
310,11,"Art",30.04166667,30000,56,0,0,2677
311,0,"Music",60.04166667,60000,0,0,0,3239
312,8,"Film & Video",45.04166667,1250,256,0,0,705
313,50,"Music",30,2500,2722,0,1,1392
314,2,"Publishing",30.04166667,3000,45,0,0,965
315,53,"Film & Video",30,2000,2616,0,2,1253
316,87,"Comics",31,500,1438,0,8,11894
317,88,"Art",30,5000,5550,0,0,4300
318,53,"Comics",30,500,658.08,0,9,2790
319,79,"Design",30,3000,3047.72,0,0,2940
320,9069,"Comics",36.22125,250000,528144.37,30,514,16927
321,159,"Film & Video",30,8000,8484.2,4,9,3747
322,252,"Art",30,5000,10842.28,0,12,3282
323,12,"Film & Video",40.47520833,1500,286,0,0,1277
324,14,"Art",30,1000,1290,0,1,1999
325,4,"Art",30,5000,22,0,0,581
326,2,"Publishing",60.04166667,4000,31,7,0,1928
327,17,"Games",20.95833333,8000,2601,1,0,1668
328,52,"Technology",44.37784722,125000,2584,9,4,5446
329,2087,"Games",31.49540509,12000,88130.71,4,736,11086
330,2008,"Games",30.66581019,120000,65104.42,9,212,12633
331,3027,"Games",32.04082176,4e+05,169720.66,8,3525,26923
332,86,"Games",59.36913194,45000,3321,1,12,2552
333,1938,"Comics",30.04166667,55000,145179.5,3,47,14336
334,135,"Comics",31.11424769,10000,10189,2,7,5128
335,27,"Games",28.76758102,3000,1446,0,14,9669
336,180,"Publishing",21.72895833,6000,4878,0,5,6697
337,110,"Music",45.04166667,35000,4397.86,0,3,748
338,91,"Comics",30.04166667,3000,2031,2,0,3289
339,36,"Games",34.33674769,2000,950,0,4,13566
340,4,"Music",58.4303125,6000,215,0,0,5017
341,50,"Film & Video",30,2000,2035.05,10,0,2646
342,81,"Publishing",60,3900,5150,1,2,8512
343,39,"Theater",30,3000,3426,0,5,4296
344,66,"Publishing",30,3000,4047,0,3,8402
345,1,"Comics",60,5000,10,0,2,1391
346,37,"Comics",45,4200,1069,0,2,4954
347,7,"Technology",25.04166667,24000,31,0,0,7470
348,2,"Film & Video",51.10016204,7500,35,1,0,2680
349,6,"Fashion",60.04166667,1000,170,0,0,4788
350,0,"Film & Video",60.04166667,2000,0,0,0,4357
351,6,"Publishing",30.04166667,25000,755,0,0,2878
352,1576,"Design",35,500,31605,15,47,6086
353,21,"Dance",60.04166667,3000,3180,0,0,666
354,110,"Dance",40,7500,7596,0,2,2430
355,22,"Art",90,800,1127,0,0,2143
356,36,"Film & Video",17.08997685,1220,1446,4,1,1833
357,7,"Dance",45,1000,1001,0,1,885
358,293,"Technology",45,25000,84005,8,45,7269
359,25,"Publishing",51.23325231,1000,1035,0,0,741
360,1,"Film & Video",30,2300,25,0,0,744
361,3,"Games",60,800,45,0,1,1528
362,28,"Film & Video",60,3000,5072,0,0,2287
363,32,"Theater",30,2259.61,2275,0,6,1334
364,585,"Art",54.17813657,20000,32017.21,15,303,4678
365,1212,"Games",30,25000,35544.15,13,254,10290
366,221,"Games",35.98528935,50000,7983.2,3,28,18931
367,18,"Theater",30,300,503.22,0,4,3304
368,21,"Food",30,500,610,0,0,1216
369,13,"Art",13.8241088,5000,590,0,0,4380
370,1,"Games",30,6000,50,1,0,2856
371,55,"Theater",30,15000,4037,0,9,966
372,2,"Art",43.04166667,2064,200,0,0,2988
373,1,"Theater",52.5352662,2000,50,0,0,2697
374,33,"Theater",25.99758102,11210,3020,0,0,11319
375,1,"Music",40,2500,25,1,0,1529
376,32,"Publishing",36.65909722,800,921,0,1,733
377,32,"Film & Video",35,2500,3220,0,0,2692
378,83,"Theater",30,5000,6025.03,0,5,4942
379,18,"Film & Video",25,1500,798,0,0,975
380,46,"Theater",36.13158565,5000,3288,0,0,1928
381,28,"Games",45,45000,1200,2,6,1868
382,0,"Film & Video",30.04166667,40000,0,0,0,47
383,22,"Publishing",46.2340625,500,705,0,2,3085
384,16,"Photography",45.04166667,2500,985,0,0,2412
385,12,"Fashion",35.04166667,3000,1040,0,0,1409
386,11,"Music",60.04166667,5500,275,0,0,3749
387,52,"Music",30,1500,2056.22,0,1,1014
388,168,"Design",15,5000,9590,0,11,4569
389,27,"Music",75.89552083,300,668.29,0,7,1048
390,33,"Publishing",32.09891204,1200,1315,0,1,4388
391,79,"Games",31.04166667,1000,1216,4,10,1383
392,10,"Fashion",31.54653935,800,818,0,0,4094
393,66,"Film & Video",13.51324074,9000,9247,0,8,2474
394,83,"Publishing",60,3000,3298,0,5,3284
395,8,"Food",45.50364583,10000,780,0,0,4916
396,35,"Music",21,5000,6756,0,0,2407
397,12,"Publishing",25.04166667,3000,290,0,0,4229
398,12,"Film & Video",30.04166667,45000,715,0,0,3923
399,17,"Film & Video",45.39696759,10000,10890,0,0,1644
400,92,"Film & Video",30,10000,23144,0,13,9271
401,211,"Publishing",89.46520833,25000,25999.95,0,17,4492
402,50,"Art",41.43740741,3000,4630,0,1,1636
403,46,"Publishing",37.1372338,4800,4902,0,9,2764
404,246,"Publishing",60,7000,7489.2,0,13,1259
405,94,"Photography",30,6000,6050,0,16,2137
406,101,"Film & Video",60,10000,10013,0,5,1028
407,143,"Photography",36.57841435,12000,14007,0,37,1642
408,153,"Film & Video",26.6706713,25000,27410,0,3,9957
409,54,"Food",21,25000,25631,2,0,1596
410,55,"Film & Video",20.42940972,2000,2400,0,0,1232
411,96,"Music",45,4000,4071,0,2,1799
412,0,"Film & Video",39.67350694,7500,0,0,0,797
413,1,"Film & Video",12.90755787,15000,25,0,0,1952
414,12,"Film & Video",57.19755787,5000,571.53,0,1,3798
415,1,"Film & Video",30,5532.09,20,0,0,930
416,25,"Film & Video",30,12500,1597,0,1,2737
417,57,"Music",30,2000,2030,0,0,689
418,210,"Film & Video",45.28804398,9000,17535,0,2,7375
419,12,"Music",26.81064815,500,646,0,0,2933
420,47,"Film & Video",34.87541667,10000,10005,0,2,4064
421,24,"Art",30,1600,1615,0,2,3942
422,107,"Music",27.0637037,1500,2930.69,0,10,1513
423,50,"Film & Video",30,5000,8685,0,3,2585
424,116,"Film & Video",30,8000,8374.33,0,7,2941
425,128,"Film & Video",31.46105324,7000,7742.78,0,5,1337
426,92,"Film & Video",22.26803241,5000,15931.99,0,0,3204
427,285,"Film & Video",35.86700231,25000,27850.7,0,19,5972
428,2621,"Film & Video",26.97217593,60000,322022.23,6,1662,1294
429,40,"Music",24.34452546,500,1150,0,2,1408
430,11,"Music",60.04166667,500,550,0,0,1052
431,188,"Publishing",30,5000,5254.97,0,1,8391
432,157,"Film & Video",58.53146991,10000,10625,0,18,1224
433,3740,"Games",45.04166667,25000,238338,8,388,13696
434,55,"Music",30,2500,2683.66,0,7,2280
435,43,"Technology",29.26158565,50000,15785,0,24,9173
436,348,"Music",31.48068287,15087,12960.11,0,7,4879
437,880,"Technology",30.04166667,1e+05,134988.15,4,86,7034
438,70,"Art",30.04166667,4000,4804,0,6,7543
439,12,"Design",35.17412037,5000,447,0,2,5705
440,8,"Photography",30.04166667,1500,252,0,0,2244
441,2068,"Technology",30,1e+05,2945885.21,20,454,6963
442,11,"Food",30.04166667,20000,349.99,0,0,661
443,31,"Fashion",45.04166667,10000,1146,0,3,4358
444,35,"Comics",30.04166667,4000,1193.42,0,0,1936
445,57,"Games",45.04166667,20000,1936,0,10,5306
446,575,"Technology",18.04166667,10000,30041.88,3,37,10179
447,139,"Film & Video",30.04166667,20000,19718,0,0,7464
448,52,"Games",33,60000,2178,11,10,7187
449,211,"Games",38.26759259,999,8425.92,1,30,10497
450,20,"Film & Video",45.04166667,33000,1380,0,1,7698
451,35,"Music",17.17341435,2222,1920,0,0,2845
452,85,"Film & Video",30.04166667,10000,10235,0,4,3553
453,305,"Games",45.04166667,15000,6980,0,14,1154
454,63,"Film & Video",22.5675,20000,10881,0,0,4426
455,8,"Comics",30.04166667,8500,374,0,0,2776
456,89,"Games",29.57277778,50000,7059,0,6,10418
457,17,"Games",31,50000,425,4,0,3349
458,26,"Music",33.98077546,6500,1278,0,1,2764
459,55,"Games",30.04166667,29180,1780,0,16,8213
460,219,"Music",60.02835648,11111,11797.33,3,3,2764
461,26,"Games",40,20000,647,0,4,10441
462,160,"Games",32.04166667,10000,3172.01,0,12,3547
463,119,"Games",30.04679398,23500,7337,0,0,6520
464,155,"Fashion",33.12725694,100,2391,1,4,1514
465,2,"Theater",30.04166667,1550,110,0,0,1572
466,343,"Games",30.04166667,3000,8322.5,1,38,7961
467,21,"Publishing",30.04166667,5200,1831,0,0,2717
468,32,"Film & Video",30.04166667,15000,2201,0,5,6544
469,13,"Music",32.57488426,1500,480,0,0,1093
470,31,"Film & Video",60.04059028,40000,1790,0,0,4129
471,24,"Music",35.04166667,4400,2380,0,0,784
472,38,"Art",30.04166667,10000,3326,0,0,2491
473,10,"Publishing",30.38925926,8000,613,0,0,6547
474,26,"Photography",40.30951389,7000,1545,2,0,5716
475,48,"Film & Video",30.04166667,25000,3811,0,0,2569
476,349,"Comics",30.04166667,6500,11842.57,2,5,3789
477,40,"Art",36.47533565,44526,1484,0,0,4473
478,20,"Publishing",31.44748843,3500,1600,0,0,9444
479,13,"Comics",30,7000,1606,0,0,5896
480,16,"Music",28.34225694,4000,917,0,2,1633
481,41,"Film & Video",33.55857639,3000,1365.44,0,0,3225
482,20,"Film & Video",20.04166667,7000,1660,0,0,2793
483,127,"Music",30.04166667,13000,7626,1,9,2935
484,384,"Film & Video",18.2481713,20000,20243,11,32,1885
485,5,"Food",45.04166667,1000,800,0,0,5157
486,46,"Film & Video",24.20309028,10000,3136,0,0,3512
487,13,"Music",52.61256944,15000,1145,0,0,932
488,100,"Comics",32.09121528,7500,3140.47,0,5,1171
489,308,"Film & Video",55.05090278,40000,47201,12,27,9937
490,6,"Film & Video",30.95833333,50000,680,0,0,2193
491,18,"Film & Video",31.26267361,30000,1415,0,0,2021
492,42,"Publishing",81.44380787,2000,2100,0,3,4659
493,3,"Music",30,13000,750,0,0,796
494,430,"Film & Video",41.8721875,15000,22508,0,24,7371
495,91,"Food",30,10000,11151,0,2,2869
496,293,"Fashion",30,20000,20884,2,33,2477
497,250,"Photography",35,13460,14130,0,10,6740
498,166,"Film & Video",18.60087963,11000,12519.51,0,32,3345
499,596,"Food",45,25000,48003.45,0,87,7276
500,111,"Film & Video",60,10000,10165,0,0,1670
501,21,"Film & Video",19.77465278,2500,2735,0,1,1022
502,23,"Dance",32.84670139,2500,2980,0,4,2987
503,31,"Art",30.04166667,5000,5010,0,0,1447
504,33,"Film & Video",44.95833333,2500,2503,0,2,1043
505,0,"Music",30.04166667,4500,0,0,0,2633
506,0,"Fashion",30.04166667,500,0,1,0,852
507,14,"Music",50.04166667,4000,402,0,0,1649
508,68,"Comics",34.14652778,4000,5566.23,1,12,5169
509,27,"Film & Video",30,2000,2515,0,1,1911
510,34,"Theater",27,2500,2856,0,0,1842
511,26,"Film & Video",31.95833333,1000,1056,0,0,2736
512,32,"Theater",21.55388889,1500,1695,0,2,2511
513,29,"Music",20.52115741,500,652,1,1,578
514,11,"Music",60,300,300,0,0,1926
515,36,"Art",60,2500,2690,6,1,1111
516,1070,"Publishing",45,50000,55598.82,0,47,5682
517,23,"Food",35.04166667,12000,1440,0,4,8664
518,40,"Comics",31,5000,5283,0,4,1521
519,69,"Dance",21.92444444,2500,3075,8,0,2538
520,68,"Dance",53.66690972,5000,5366,0,1,3139
521,642,"Film & Video",45,9750,23961.35,0,76,4954
522,32,"Music",30.06033565,2500,2875,0,1,2179
523,106,"Food",35,10000,11060,0,13,1093
524,41,"Publishing",30,900,1401,0,3,9790
525,78,"Dance",27.43795139,3000,3292,0,0,3878
526,63,"Theater",19.45896991,2600,3580,3,3,1660
527,24,"Photography",28,4000,720,0,2,2451
528,54,"Film & Video",14,5000,5080,0,1,3337
529,18,"Theater",30,1200,1225,0,0,1973
530,101,"Film & Video",40.93556713,6000,8000,0,6,5736
531,76,"Art",30,5500,5660,1,1,4979
532,164,"Film & Video",37,7777,8417.54,0,24,4142
533,16,"Music",30.95833333,3500,815,0,1,731
534,1,"Fashion",30,5500,25,0,0,4552
535,5,"Music",21,5000,790,0,0,4055
536,0,"Technology",60.04166667,10000,0,0,0,1130
537,2,"Art",16,3985,151,0,0,1866
538,0,"Fashion",30,10000,0,0,0,2885
539,37,"Theater",33.97476852,3500,3787,1,2,3861
540,2,"Games",31.36430556,2000,20,0,0,2285
541,37,"Theater",14,2000,2000,0,5,2117
542,82,"Film & Video",60,9000,9714,0,0,2678
543,8,"Film & Video",30,100,160,0,2,1832
544,65,"Music",30.43221065,4000,4590,0,2,1156
545,78,"Fashion",30,6800,6955,2,8,2820
546,80,"Art",31.36939815,2000,2264,1,1,2044
547,89,"Film & Video",29.95833333,6000,6146,0,1,4877
548,232,"Food",45,20000,22196.01,0,8,4580
549,30,"Photography",45.99719907,4800,4827,0,2,9469
550,71,"Music",15.5212037,3500,3700,0,0,1253
551,58,"Film & Video",30,3000,4450,0,0,2341
552,4,"Photography",60.04166667,2000,215,0,0,1006
553,138,"Film & Video",30,10600,10835.33,0,14,3993
554,123,"Food",30,10000,11697,0,1,1685
555,94,"Food",45,15000,15572,0,5,1532
556,46,"Food",56.70731481,10000,10025,0,4,1549
557,50,"Photography",30,600,1895,0,2,4956
558,50,"Photography",30,1000,1185,3,0,5033
559,177,"Food",21,7000,7864,3,3,4937
560,59,"Photography",49.61196759,5500,5732,0,2,1202
561,306,"Publishing",36.64277778,5000,20563.55,0,24,3533
562,78,"Film & Video",60,7500,9047,0,1,1041
563,43,"Photography",30.04166667,5000,3502,0,0,5971
564,12,"Art",45.04166667,4000,940,0,0,843
565,31,"Film & Video",60.04166667,8000,2300,0,1,1513
566,52,"Film & Video",30,40000,1850,2,7,4047
567,30,"Music",45.04166667,8000,3035,0,0,2185
568,1,"Fashion",60.04166667,400,15,0,0,696
569,3,"Music",33.44467593,5600,45,0,0,785
570,97,"Comics",30,3000,4294,1,4,6894
571,1,"Film & Video",30.04166667,25000,15,0,0,1448
572,68,"Theater",30.04166667,4000,2413,0,0,2588
573,290,"Technology",15,4000,104268.01,3,38,5243
574,71,"Games",59.95833333,1000,1535.23,9,25,7384
575,3,"Publishing",30.04166667,15000,110,0,0,9733
576,9,"Music",46.1428588,800,87.5,0,0,455
577,70,"Art",30,2000,2135.12,0,0,1616
578,44,"Theater",56.99453704,2000,2085.33,0,4,1589
579,18,"Music",60,550,615,0,0,636
580,4,"Music",45,25000,125,0,4,3304
581,0,"Music",29.01556713,3500,0,0,0,290
582,3,"Film & Video",90,7500,155,0,0,1842
583,3,"Comics",30,2000,45,0,0,1375
584,31,"Film & Video",30,500,1070,7,2,2505
585,24,"Food",20,300,453,1,4,208
586,15,"Publishing",32.33853009,15000,742,0,0,8311
587,4,"Art",50,5000,140,0,0,5381
588,61,"Music",80.22996528,2500,2515,0,2,2325
589,258,"Games",60,128000,6723,4,31,9922
590,98,"Publishing",30,3500,3815,0,3,3829
591,138,"Art",30.04166667,5000,5807,0,0,3798
592,114,"Food",28.34055556,4000,4412,0,1,3957
593,145,"Music",60,4500,5648.67,0,116,2442
594,51,"Music",30,3000,3150,0,0,1416
595,30,"Film & Video",59.65075231,1200,2265,0,3,2439
596,68,"Dance",30,5000,5275,1,0,3466
597,39,"Music",30,1000,1822.75,0,9,342
598,89,"Publishing",40.01743056,3500,4101.33,0,6,1507
599,19,"Film & Video",35,750,930,1,0,810
600,61,"Music",55.96583333,7000,7060,0,9,3049
601,169,"Music",25,10000,11160,1,5,5678
602,12,"Theater",30.04166667,5000,401,0,0,2314
603,57,"Fashion",15,500,1191,0,7,1451
604,36,"Film & Video",35,4000,4216,0,2,7420
605,104,"Film & Video",30,9280,9305.67,1,4,988
606,16,"Film & Video",30,2500,2511,0,0,1702
607,15,"Music",33,200,240,0,3,761
608,4,"Art",30,15,62,0,0,2234
609,42,"Music",50.04166667,2500,2520.66,0,0,1883
610,34,"Fashion",30,1500,1555,0,8,787
611,9,"Film & Video",40,4500,126,0,0,1544
612,8,"Film & Video",42.76623843,2000,585,0,0,1259
613,8,"Film & Video",30,4500,260,0,0,1801
614,793,"Film & Video",61,20000,52175.12,1,42,6380
615,47,"Film & Video",89.95895833,5000,5021,0,1,1215
616,51,"Film & Video",30,5000,5362,3,0,2399
617,3,"Games",30,1293,27,0,0,2066
618,53,"Film & Video",30,6000,6050,0,2,18843
619,9,"Film & Video",59.85721065,3500,298,0,0,1513
620,8,"Music",30,4200,763,0,0,5048
621,9,"Film & Video",30,8000,276,0,0,5274
622,1,"Games",30,250,3,0,0,276
623,73,"Games",45,10000,1902.34,1,13,11927
624,40,"Games",30,20000,1633,0,15,5478
625,65,"Games",30,20000,2438.66,5,13,4332
626,61,"Photography",15.76412037,2300,3345,0,10,1500
627,227,"Comics",60,9000,10029.99,8,66,4412
628,133,"Film & Video",39.55300926,12000,14257.5,0,8,5080
629,28,"Film & Video",45,500,1240,0,0,1316
630,36,"Music",30,15000,19460,3,0,6401
631,70,"Film & Video",30.04166667,15000,6619,0,0,2938
632,4,"Photography",60.95833333,3000,240,0,0,2999
633,0,"Publishing",30.04166667,5000,0,0,0,1183
634,13,"Photography",60.79606481,3000,650,0,0,1102
635,117,"Film & Video",27.43665509,7000,8299,1,11,4011
636,31,"Theater",31,3500,8930,0,0,3706
637,70,"Theater",15.63232639,1800,2681.32,0,0,2330
638,36,"Photography",31,1000,1310,0,0,2911
639,28,"Art",13.27396991,1300,2512,0,6,1661
640,47,"Music",29.95833333,4000,4428,0,0,2602
641,50,"Film & Video",31.32792824,3000,3101,0,6,961
642,58,"Art",60.95833333,4000,4230,0,0,2502
643,29,"Film & Video",90,2000,2115,0,1,1248
644,38,"Art",21,2500,2576,0,0,4976
645,18,"Dance",27.3231713,2500,2550,0,1,2946
646,55,"Art",30,100,609,5,1,1887
647,218,"Games",38.85949074,3500,13541,1,85,2234
648,82,"Publishing",45,2000,2102,3,1,971
649,62,"Film & Video",36.54775463,5000,6705,0,1,2669
650,78,"Dance",30,3000,5558,0,1,1728
651,3,"Art",30,1700,60,0,0,1031
652,21,"Film & Video",30,2000,2061,0,5,900
653,43,"Film & Video",35,2000,2047,0,2,965
654,6,"Publishing",30,5500,211,0,0,821
655,10,"Dance",40,3000,850,0,0,1735
656,0,"Comics",30,7000,0,0,0,1502
657,36,"Music",25.45383102,7500,4272,0,0,4354
658,39,"Film & Video",30.04166667,2250,2740,0,1,2082
659,80,"Publishing",30,3000,5796,0,6,4126
660,6,"Theater",7.148125,500,525,0,0,595
661,84,"Music",72.19548611,11000,12058,0,0,2156
662,51,"Music",30,750,915,0,6,793
663,526,"Games",30,10000,34134.29,10,220,3876
664,45,"Film & Video",35.38640046,6500,6526,0,1,1448
665,108,"Art",30,2500,3600.11,0,7,2985
666,120,"Music",30,6000,6700,0,8,975
667,164,"Film & Video",60,25000,27602,0,3,7316
668,594,"Design",34.13269676,22000,44140,1,34,3441
669,6,"Publishing",30.04166667,500,176,0,0,2271
670,5,"Film & Video",30.04166667,24000,1185,2,0,1753
671,10,"Photography",25.04166667,3500,295,0,0,884
672,2,"Technology",30.04166667,15000,60,0,0,2333
673,60,"Publishing",30,4000,4281,0,0,1241
674,1126,"Games",30.44128472,20000,140058,5,3033,13022
675,0,"Film & Video",30.04166667,1e+06,0,0,0,830
676,1,"Publishing",30.04166667,3500,20,0,0,819
677,5,"Fashion",30.04166667,800,294,0,3,704
678,266,"Art",32.96678241,10000,11051.55,4,9,3335
679,35,"Publishing",25,3500,3646,0,0,6769
680,65,"Film & Video",30,4500,4646,0,3,3343
681,182,"Publishing",35,20000,23406.69,3,2,8883
682,0,"Art",45,500,0,0,0,3745
683,5,"Film & Video",42.08010417,3500,155,0,1,1266
684,158,"Theater",30,8000,8326,0,3,5787
685,3,"Film & Video",21,4000,120,0,0,876
686,2,"Theater",30,15000,150,0,0,1309
687,6,"Publishing",30,1100,112,0,1,3289
688,14,"Film & Video",90.04166667,3000,1285,0,0,665
689,0,"Fashion",45,1000,0,0,0,324
690,125,"Games",36.04166667,25000,7545.85,1,3,3189
691,208,"Art",49.04166667,1e+05,7884,0,10,1984
692,305,"Technology",30.04166667,15000,128917,3,82,21242
693,26,"Film & Video",30.04166667,50000,8955,0,0,5378
694,136,"Design",33.04166667,20000,27133,1,2,3872
695,21,"Art",30.04166667,950,700,1,3,2304
696,82,"Design",30.04166667,2e+05,66210,5,4,5444
697,106,"Design",32.36155093,80000,10780,3,20,2412
698,98,"Technology",30.04166667,70000,15213,4,0,2520
699,87,"Food",30.04166667,2000,6800,4,0,4950
700,31,"Publishing",51.6025463,20000,1524,0,2,2563
701,73,"Music",40,5000,5515,0,13,900
702,17,"Music",30.30295139,500,560,0,0,792
703,184,"Film & Video",30,1000,3522.11,6,5,3115
704,497,"Comics",30,4500,15537.5,2,25,3315
705,20,"Comics",20,300,576,1,6,846
706,60,"Games",60.04166667,5120,1063,0,6,5478
707,2,"Design",25,28000,198,0,3,7998
708,299,"Film & Video",39.13929398,17500,20420.44,0,12,7420
709,1,"Publishing",30,20000,1,0,0,2696
710,3,"Art",87.14259259,2500,135,0,0,1631
711,35,"Film & Video",56.95194444,14500,1640,0,11,3
712,11,"Games",60,65000,1083,0,5,4568
713,46,"Film & Video",30.47380787,2000,2617.26,0,0,3844
714,18,"Publishing",30,750,775,2,0,919
715,67,"Theater",27,4000,4021.03,10,3,2416
716,104,"Dance",42.95777778,6000,8185,0,6,3531
717,3,"Publishing",45.71189815,7500,175,5,0,1747
718,238,"Technology",30,5000,12264,2,22,7159
719,5,"Technology",29.95833333,5000,87,1,0,3221
720,1,"Music",34.2165162,6000,100,0,1,2090
721,3,"Art",30,6000,65,0,0,4844
722,11,"Food",36.36622685,3500,787,0,2,1125
723,0,"Film & Video",30,5000,0,0,0,1420
724,72,"Publishing",33.80965278,5000,5232,1,5,4277
725,7,"Fashion",8.937974537,250,280,0,2,1364
726,12,"Fashion",19.22532407,350,433,0,1,1280
727,14,"Theater",13.82130787,500,642.97,0,0,1114
728,33,"Film & Video",89.96135417,5000,6099,0,0,2287
729,36,"Fashion",30,8500,1543.2,7,1,6262
730,11,"Fashion",30,1500,315,0,0,1498
731,17,"Music",46.47320602,20000,845,0,2,2746
732,0,"Film & Video",31.94136574,800,0,0,0,1638
733,34,"Publishing",50,1000,1157,0,6,3273
734,21,"Music",13.46849537,500,549,0,2,1399
735,139,"Theater",30,5000,5125.84,0,3,2944
736,0,"Music",44.95833333,4500,0,1,0,942
737,59,"Music",21.04166667,2800,3549,0,0,6587
738,201,"Art",54.16112269,30000,36377,1,25,4726
739,34,"Theater",30.97145833,800,921.01,0,1,1588
740,38,"Music",25,2500,3340,0,0,2729
741,11,"Music",30,500,500,0,0,1192
742,5,"Music",28.89194444,10000,1112,0,1,1529
743,0,"Music",29.95833333,500,0,0,0,1436
744,0,"Art",13.06428241,6250,0,0,0,1962
745,265,"Film & Video",45,8500,10005,0,11,3068
746,201,"Food",89.2853588,15000,16405,0,30,1559
747,143,"Film & Video",40.45768519,10000,11336,0,1,4073
748,38,"Dance",30,3000,3075,0,2,4541
749,130,"Art",48.96449074,3000,3252,1,19,2604
750,157,"Food",30,12000,13140,1,26,2825
751,7,"Film & Video",60,500,500.13,0,0,1426
752,80,"Music",30,4000,4386,1,1,1808
753,108,"Fashion",30,1000,2012.25,0,15,2188
754,65,"Photography",32.06787037,5000,5547,0,2,1788
755,319,"Design",30,2250,9786,2,39,2176
756,9,"Art",30.04166667,3500,1285,0,0,1998
757,171,"Music",30.04166667,15000,20606,1,1,8130
758,10,"Publishing",49.16591435,5000,315,0,0,2778
759,4,"Film & Video",30.04166667,15000,680,0,2,5285
760,2,"Film & Video",30.04166667,750,35,0,0,638
761,5,"Music",60.04166667,5000,190,0,0,3438
762,1,"Publishing",30.07270833,5000,25,0,0,2425
763,26,"Publishing",30,350,700,0,0,2763
764,51,"Music",30,2000,2081.09,0,8,4729
765,36,"Film & Video",85.98556713,1000,1455,0,1,2929
766,37,"Film & Video",42,94000,1116,0,1,5069
767,8,"Photography",60.04166667,20000,545,0,0,1411
768,73,"Film & Video",30.04166667,10000,8325,0,0,3672
769,9,"Technology",60.04166667,1000,270,0,0,2549
770,56,"Publishing",28.04166667,1500,2060,3,8,8958
771,4,"Music",30.04166667,1000,53,0,0,1755
772,58,"Film & Video",30.04166667,20000,3835,0,1,2763
773,4278,"Games",36.38489583,20000,951254.4,3,18731,15981
774,2,"Food",42.04166667,28000,60,0,0,1101
775,5,"Theater",44.04166667,2100,440,0,0,2158
776,3,"Publishing",45.04166667,5000,125,0,0,1719
777,4,"Film & Video",27.04166667,57000,290,0,0,1096
778,590,"Music",30.04166667,30000,36205.84,0,44,1907
779,1207,"Music",32.1705787,30000,32856.8,5,25,5590
780,975,"Music",48.04166667,1e+05,83238.83,4,98,3285
781,273,"Technology",28.79138889,23000,28758,4,73,23155
782,182,"Music",35.04166667,20000,9754,0,4,2476
783,141,"Music",42.04166667,3500,4685.85,2,9,1908
784,41,"Music",30.04166667,8000,1587,0,2,5011
785,62,"Music",30.04166667,5999,2537,1,2,951
786,126,"Music",30.04166667,5000,3510.26,0,2,1564
787,203,"Music",60.04166667,20000,14180,0,9,6528
788,17,"Music",30.16006944,9000,920,0,0,2398
789,1,"Music",30.0609375,10000,100,0,0,2687
790,15,"Games",33.04166667,4000,655,1,2,3980
791,46,"Fashion",30,5000,5498,0,0,4889
792,87,"Music",29.95833333,3000,3780,0,4,446
793,3464,"Games",32,12500,72627.9,10,401,5144
794,35,"Film & Video",36,2500,2540,0,0,320
795,52,"Design",30,7500,7908.5,9,9,1871
796,34,"Film & Video",60.04166667,2000,2401,0,3,1969
797,68,"Design",30,25,4478,0,59,3418
798,25,"Publishing",29.95833333,3000,3516,0,0,4728
799,80,"Publishing",30,25000,25279,1,0,3231
800,37,"Games",30.04166667,15000,1425,0,4,7263
801,29,"Music",30.26737269,5000,1840,0,0,2804
802,22,"Comics",29.50707176,7500,1061,0,0,4491
803,144,"Film & Video",60.04166667,35000,17319.07,0,5,3050
804,47,"Food",30.04166667,4000,2946,1,4,4372
805,6,"Film & Video",30.04166667,1500,770,0,0,1473
806,29,"Food",40.04166667,21000,3451,0,0,2726
807,6,"Publishing",58.34986111,1500,120,2,0,1542
808,4,"Film & Video",30.04166667,20000,90,0,0,2229
809,214,"Technology",30.04166667,25000,35079,0,2,11327
810,16,"Film & Video",51.27427083,5000,1440,0,0,766
811,11,"Fashion",28.04166667,4000,773,0,0,4555
812,2,"Publishing",29.92913194,1000,7.5,1,0,1033
813,140,"Food",50,10000,10320.02,0,10,6952
814,123,"Music",30,5000,5332,0,6,514
815,53,"Music",35.95971065,2500,2695,0,0,3453
816,90,"Publishing",34.32730324,15000,18335,0,5,4823
817,70,"Dance",22.00216435,3000,3560,0,0,4521
818,39,"Music",60,1100,1195,0,2,675
819,31,"Art",30,1500,1565,0,0,965
820,279,"Food",25,8800,12010,0,4,1333
821,9,"Games",45.33585648,5000,277,0,0,4265
822,132,"Music",30.68875,2500,8330.66,2,16,2903
823,33,"Art",18.5681713,1000,1397.89,0,1,1458
824,62,"Music",87.95232639,3400,3606.63,0,0,1060
825,21,"Art",30.5058912,500,511,3,0,2736
826,5,"Film & Video",35,1000,1100,0,0,1449
827,6,"Photography",30,5,60,0,2,400
828,30,"Photography",30,500,839.03,0,2,1789
829,124,"Film & Video",45.04166667,12500,15062,0,8,1525
830,30,"Art",59.95833333,1,300,0,3,10448
831,45,"Music",34.95833333,1000,1425,0,0,661
832,88,"Music",30,2500,3147.32,1,32,2179
833,57,"Film & Video",30,6000,6398,0,1,3813
834,76,"Music",44.25679398,4300,5237.88,0,26,3658
835,170,"Food",60,9300,9676,1,13,3792
836,1189,"Publishing",72.08122685,5000,31575.77,1,89,1889
837,42,"Art",30,1000,1386,5,4,2779
838,100,"Film & Video",41.65320602,10000,10450,0,0,1645
839,25,"Art",17.97396991,500,624,3,0,1608
840,4,"Film & Video",42.55747685,1800,62,0,0,708
841,2,"Technology",47.51503472,10000,150,0,0,5956
842,147,"Film & Video",35,25000,11176,0,1,5119
843,33,"Design",30,188000,1865,0,2,4290
844,50,"Music",35.64207176,1500,1558,0,7,1397
845,81,"Music",30,2500,3891.97,0,8,1676
846,25,"Music",30,1500,2756,0,2,1032
847,56,"Film & Video",40.18864583,10000,10011,0,4,8242
848,3,"Fashion",35,3950,170,0,0,1219
849,8,"Film & Video",68.26471065,12000,400,0,3,1883
850,4,"Music",27.84145833,2000,325,0,0,892
851,3,"Design",90,1000,210,0,1,1691
852,4,"Comics",30,7000,120,0,0,2467
853,49,"Music",60.04166667,13000,1828,1,7,549
854,255,"Design",36.57907407,15000,7424,0,18,1944
855,610,"Design",31.04166667,50000,38759.02,0,130,15270
856,219,"Design",40.04166667,7500,6847,3,8,2988
857,286,"Food",29.40188657,15000,14040,1,21,1852
858,18,"Games",26.04166667,4000,542,0,5,6200
859,204,"Food",26.19831019,800,6712,0,12,6058
860,294,"Design",32.06104167,19500,27672.17,0,31,5317
861,93,"Food",30.04166667,5000,4919,1,4,5568
862,28,"Food",23.04166667,2500,1920,0,0,1052
863,47,"Publishing",30.34760417,20000,1503,0,0,6928
864,216,"Publishing",56.42903935,25000,5675.06,0,3,3394
865,284,"Music",30.04166667,15000,17023,0,28,4239
866,3,"Film & Video",30,2500,78,1,0,1860
867,11,"Music",30.04166667,2400,835,1,0,3703
868,26,"Theater",30.04166667,5000,2322,0,0,5727
869,62,"Film & Video",60.04166667,6000,4529,0,1,2506
870,24,"Food",45.0409838,12000,1662,0,0,5956
871,26,"Games",21.04166667,9500,441,0,0,18010
872,21,"Film & Video",30,2000,2116,0,0,1298
873,287,"Games",22.53344907,7500,8486,0,28,8575
874,224,"Games",30.04166667,7500,16683.5,8,544,13660
875,2449,"Design",31.20013889,50000,131130.5,9,166,6215
876,6,"Film & Video",43.79729167,6600,400,0,0,3980
877,54,"Music",30.02,12000,3670.48,0,0,3492
878,163,"Games",30.04166667,10000,10945.97,4,38,6511
879,313,"Comics",46.59056713,5000,14111,0,15,1848
880,26,"Music",30.04166667,8000,4440,0,0,3310
881,46,"Music",41.20114583,10000,2813,0,1,2936
882,20,"Film & Video",29.31349537,15000,979,0,0,2330
883,19,"Music",30.04166667,5000,960,0,0,1708
884,247,"Theater",60.04166667,130000,20567,0,5,3196
885,63,"Music",30.04166667,5000,4032.31,5,2,1567
886,48,"Film & Video",30.04166667,3000,3748,0,0,3301
887,7,"Music",30.04166667,1000,346,0,0,1813
888,6,"Music",30.04166667,5000,617,0,1,2567
889,2,"Publishing",15.04166667,850,110,0,0,1271
890,5,"Music",16.3537963,1000,550,0,0,561
891,74,"Music",15,4000,4350,0,12,1785
892,63,"Film & Video",29.25202546,40000,6537,0,0,2550
893,135,"Film & Video",45.04166667,30000,21288,0,0,4066
894,73,"Film & Video",45.04166667,6000,3626.28,0,5,2303
895,54,"Film & Video",45.04166667,7000,2563,0,7,1950
896,9,"Food",30.04166667,500,410,1,1,1632
897,51,"Comics",40.04166667,9500,1721,0,1,3807
898,810,"Games",36.76412037,15000,25146.52,0,38,4286
899,8,"Art",60.03486111,2000,346,0,2,1839
900,38,"Music",29.2394213,3000,3121,0,0,915
901,1,"Publishing",30.04166667,5200,140,0,0,2411
902,51,"Publishing",28.11480324,1013,1023.33,0,1,821
903,8,"Film & Video",45.04166667,2500,405,0,0,511
904,12,"Film & Video",30.04166667,12000,1026,0,1,7144
905,90,"Film & Video",30.04166667,32000,7869.01,1,0,8307
906,69,"Art",27.61241898,15000,2654,12,2,5947
907,0,"Film & Video",30.04166667,7000,0,0,0,1724
908,37,"Music",30.04166667,2000,1256,0,0,1325
909,16,"Art",37.28943287,30000,830,0,0,2558
910,3,"Music",60.04166667,8000,160,0,0,1150
911,6,"Fashion",31.3783912,1000,230,0,0,636
912,26,"Film & Video",59.36951389,30000,1827,0,0,6160
913,49,"Technology",21,15000,3731,2,6,14171
914,11,"Art",30.04166667,7500,820,0,1,3516
915,2,"Art",60.04166667,2000,115,0,0,1706
916,1366,"Design",44.66489583,1e+05,321314.5,32,149,10598
917,44,"Film & Video",22.09972222,2000,2109,0,0,488
918,147,"Music",31.1240625,17628.64,17797,1,13,676
919,0,"Publishing",30.04166667,5000,0,0,0,1341
920,38,"Music",30,2000,2438,0,0,2609
921,614,"Games",40.04166667,40000,14465.64,2,70,3721
922,326,"Design",60.04166667,40000,26172,0,25,6492
923,14,"Games",30.04166667,22000,1390,1,0,5138
924,69,"Design",45.04166667,65000,5369.5,0,4,3764
925,16,"Publishing",30.6444213,5500,412,0,0,2419
926,12,"Publishing",60.04166667,8500,735,0,0,6520
927,101,"Publishing",38.49392361,7800,9799,0,26,3646
928,27,"Theater",30,1500,1660,6,0,1565
929,21,"Film & Video",26.9233912,2000,2000.5,0,2,4455
930,12,"Film & Video",30,2000,2037,0,2,4923
931,85,"Film & Video",30,6000,6025.01,0,2,2219
932,653,"Film & Video",60,50000,51620.58,0,18,7597
933,114,"Film & Video",25.90490741,5000,7445,1,5,4228
934,38,"Film & Video",30,1800,1804.99,0,0,1306
935,56,"Film & Video",30,5000,5430,0,9,6089
936,24,"Film & Video",60,3000,1387,0,0,2004
937,29,"Art",60.04166667,9800,1262,0,5,3743
938,17,"Publishing",48.07076389,9110,691,0,0,2172
939,33,"Technology",35.04166667,50000,4084,2,1,3889
940,78,"Technology",30.04166667,25000,11326,6,9,6729
941,4,"Publishing",35,2000,118,0,1,7088
942,44,"Design",26.04166667,30000,1826,1,6,4648
943,11,"Fashion",36.31083333,5000,2507,0,0,1743
944,1,"Publishing",28.04166667,500,26,0,0,1394
945,1,"Games",45.04166667,5500,1,0,0,1104
946,1,"Music",60.04166667,3000,25,0,0,1956
947,1,"Art",43.51283565,75,50,1,0,304
948,192,"Music",28,5000,6636,1,7,5941
949,59,"Music",30.04166667,5000,5425,0,1,1992
950,50,"Music",31.43583333,3000,5490,0,0,913
951,23,"Dance",43.39025463,2000,2025,0,1,2031
952,95,"Music",33.43351852,8000,9575,0,12,4901
953,16,"Music",13.53219907,750,865,0,0,889
954,11,"Theater",23.55694444,400,400,0,1,186
955,41,"Photography",79.8174537,2400,3190,0,0,1764
956,17,"Design",30.04166667,5000,660,1,0,2947
957,45,"Music",45,2200,2505,0,2,2113
958,246,"Music",48.5106713,18000,21684.2,0,64,3853
959,224,"Games",35.9355787,12000,15803.05,0,24,7363
960,20,"Art",30,3000,3027,0,2,3292
961,22,"Design",30.8262037,2500,2535,0,0,2228
962,59,"Music",60,2500,2502,0,4,2018
963,606,"Technology",30,33000,36900.66,0,9,4818
964,38,"Film & Video",30,1500,2381,0,1,4356
965,8,"Art",50,800,830,0,0,2272
966,14,"Photography",60,1000,1335,1,2,3616
967,64,"Design",12.04166667,11000,3540,1,9,3634
968,37,"Design",35.04166667,5000,1105,0,4,1611
969,44,"Fashion",40.04166667,10000,3561,0,0,3969
970,3266,"Design",40,90000,797979.01,17,455,4812
971,214,"Music",45,10000,24599,3,30,304
972,205,"Design",45,10000,15599,2,127,2904
973,28,"Film & Video",30,500,945,0,1,1775
974,3,"Publishing",10.05756944,50,53,0,1,755
975,394,"Design",40,80000,88660,0,56,7949
976,34,"Art",36.27387731,2500,3345,0,5,1548
977,117,"Design",30,8000,9257,0,128,8313
978,18,"Film & Video",27.24769676,3000,988,0,0,3063
979,195,"Theater",30.04166667,15000,18397,0,1,5594
980,12,"Photography",30.04166667,1500,660,0,0,1796
981,4,"Music",30.04166667,10000,262,0,0,525
982,54,"Music",30.04166667,3500,2355,1,1,890
983,20,"Design",33.04166667,10000,739,0,0,598
984,5,"Music",30.04166667,1000,275,0,0,387
985,44,"Film & Video",30,5000,5250,0,0,3770
986,2936,"Publishing",28.13210648,4000,91751.34,5,123,4190
987,24,"Music",60,1400,1475,0,1,1081
988,54,"Fashion",30,6800,6870,0,9,1010
989,538,"Comics",30.04166667,5000,18475.7,1,12,6676
990,104,"Art",29.56795139,4950,4267,0,1,3214
991,126,"Publishing",30.04166667,18000,6576.76,0,12,5393
992,134,"Games",31.23493056,60000,8756.5,2,13,26670
993,43,"Games",45.74945602,6000,2785,3,26,5894
994,77,"Games",30.04166667,5000,3221,3,10,3338
995,33,"Film & Video",38.39887731,3001,1531,0,0,6800
996,43,"Design",30.04166667,120000,3249,1,14,8987
997,102,"Music",30.04166667,20000,4581,0,3,4706
998,32,"Games",30.04166667,30000,9740,0,40,16536
999,10,"Music",30.42917824,3100,705,0,0,841
1000,32,"Music",30.04166667,1500,863,0,3,785
